[{"ID":"P3219","Name":"Paracetamol 48 Tablets","Price":"19.95","Currency":"AUD","Pieces":"1","Reviews":"8","Notes":3,"Image":"","Instruction":"http://cache.Feelgood.com/bigdownloads/buildinginstructions/4193299.pdf","AvgRating":4011.56,"NoofReview":9451.89,"NoofRelatedProducts":5116.52},{"ID":"P4484","Name":"Cough Syrup 100 ml","Price":"9.95","Currency":"AUD","Pieces":"1","Reviews":"22","Notes":4,"Image":"","Instruction":"http://cache.Feelgood.com/bigdownloads/buildinginstructions/4193294.pdf","AvgRating":6424.82,"NoofReview":2476.19,"NoofRelatedProducts":728.53},{"ID":"P4485","Name":"Band-aid 100 Pack","Price":"4.99","Currency":"AUD","Pieces":"1","Reviews":"34","Notes":3,"Image":"","Instruction":"http://cache.Feelgood.com/bigdownloads/buildinginstructions/4193295.pdf","AvgRating":2836.03,"NoofReview":7881.5,"NoofRelatedProducts":1107.23},{"ID":"P4486","Name":"Betadine 50gm","Price":"12.99","Currency":"AUD","Pieces":"1","Reviews":"25","Notes":4,"Image":"","Instruction":"http://cache.Feelgood.com/bigdownloads/buildinginstructions/4193296.pdf","AvgRating":2316.24,"NoofReview":7942.01,"NoofRelatedProducts":527.65},{"ID":"P4487","Name":"Vitamin-D Supplement 100 Tabs","Price":"19.99","Currency":"AUD","Pieces":"1","Reviews":"24","Notes":2,"Image":"","Instruction":"http://cache.Feelgood.com/bigdownloads/buildinginstructions/4193297.pdf","AvgRating":4004.38,"NoofReview":5089.23,"NoofRelatedProducts":9593.58}]