[{"ID":"R1","Date":"Sun Sep 27 2015","Rating":4,"Comment":"Love the service. Quick & Easy.","___FK_aae773cdd9453edc0ae2cde0":"P3219","___FK_8be2dbb58e3c69a60ae2cde0":"Rev4"},{"ID":"R2","Date":"Mon Sep 28 2015","Rating":5,"Comment":"Excellent 1 Day delivery","___FK_aae773cdd9453edc0ae2cde0":"P3219","___FK_8be2dbb58e3c69a60ae2cde0":"Rev3"},{"ID":"R3","Date":"Sat Oct 10 2015","Rating":4,"Comment":"Very good, satisfied shopping","___FK_aae773cdd9453edc0ae2cde0":"P3219","___FK_8be2dbb58e3c69a60ae2cde0":"Rev2"},{"ID":"R4","Date":"Mon Aug 17 2015","Rating":4,"Comment":"Good","___FK_aae773cdd9453edc0ae2cde0":"P3219","___FK_8be2dbb58e3c69a60ae2cde0":"Rev5"},{"ID":"R5","Date":"Sat Jul 11 2015","Rating":4,"Comment":"Cheapest medicine","___FK_aae773cdd9453edc0ae2cde0":"P4484","___FK_8be2dbb58e3c69a60ae2cde0":"Rev3"},{"ID":"R6","Date":"Mon Oct 12 2015","Rating":5,"Comment":"Great Discounts","___FK_aae773cdd9453edc0ae2cde0":"P4484","___FK_8be2dbb58e3c69a60ae2cde0":"Rev1"},{"ID":"R7","Date":"Thu Oct 01 2015","Rating":2,"Comment":"Probably the best chemist or pharmacy in this suburb","___FK_aae773cdd9453edc0ae2cde0":"P4485","___FK_8be2dbb58e3c69a60ae2cde0":"Rev4"},{"ID":"R8","Date":"Fri Oct 02 2015","Rating":4,"Comment":"Awesome service","___FK_aae773cdd9453edc0ae2cde0":"P4485","___FK_8be2dbb58e3c69a60ae2cde0":"Rev3"},{"ID":"R9","Date":"Fri Aug 14 2015","Rating":5,"Comment":"Great Staff","___FK_aae773cdd9453edc0ae2cde0":"P4485","___FK_8be2dbb58e3c69a60ae2cde0":"Rev5"},{"ID":"R10","Date":"Mon May 11 2015","Rating":5,"Comment":"Open till late","___FK_aae773cdd9453edc0ae2cde0":"P4486","___FK_8be2dbb58e3c69a60ae2cde0":"Rev4"},{"ID":"R11","Date":"Fri Jun 05 2015","Rating":5,"Comment":"Very professional Pharmacist in the store","___FK_aae773cdd9453edc0ae2cde0":"P4486","___FK_8be2dbb58e3c69a60ae2cde0":"Rev3"},{"ID":"R12","Date":"Tue Mar 03 2015","Rating":4,"Comment":"After lots of searching I settled on this model for my 10 month old boy. He's still a little young for this but will grow into it. This is the perfect design for young kids and is well made - in Israel. The pitch is excellent and the design is sturdy. Rounded edges are nice and safe and the kid can't pry off any of the notes. It gets dropped a lot. The mallot is just what you want too, as they will stick it in their mouth and run around with it, so you don't want the standard stick. Worth the exra money!","___FK_aae773cdd9453edc0ae2cde0":"P4486","___FK_8be2dbb58e3c69a60ae2cde0":"Rev6"},{"ID":"R13","Date":"Tue Jul 14 2015","Rating":1,"Comment":"I wasted an hour of my life. I'll never get back. So disappointed.","___FK_aae773cdd9453edc0ae2cde0":"P4487","___FK_8be2dbb58e3c69a60ae2cde0":"Rev3"},{"ID":"R14","Date":"Sat Aug 15 2015","Rating":5,"Comment":"I am happy with the service and price.","___FK_aae773cdd9453edc0ae2cde0":"P4487","___FK_8be2dbb58e3c69a60ae2cde0":"Rev5"}]